{"fraud_1": [-0.01949523361472285, -0.021597285724386114, 0.000764785530655964, -0.005346352015160627, 0.0028707164225185355, -0.014369302022699102, 0.0009576672416496404, -0.00821800839398174, 0.0005945255086044814, 0.004445297776736556, 0.00237932152971652, -0.0003611239708096136, -0.006064031396349971, -0.0021859766799903445, -0.00040579832206234166, 0.0004122202558660552, -0.0020890502896052845, 5.3110453224907926e-05, -0.0006854628837952604, 0.00015824104836761733, -0.0005619223232897602, -0.0008098048604479342, -0.00018479889772097055, 0.004577305876989951, 0.001619497370437047, 0.0018007812543746448, -0.001147414077203977, -0.0016438204054265255, 0.00013604967151623724, 0.0005563069927981846, -0.0008053732265667424, -0.0013015230266566946, 0.0004530809179041282, -0.00016168714767888958, 0.00025654641159747623, -0.0006489805163338655, -0.0009932903244396257, 1.5090659128716345e-05, -0.000906279460482884, -0.0011409801465631275, 9.146410660558798e-05, -0.001060449067552494, -0.000598430784108534, 0.0008143989217391726, -0.0008994789560602261, -0.00021657085085762963, -0.0004200631697536048, -0.00030873061691066546, -0.00037654335232028256, 3.044579848049431e-05], "fraud_2": [-0.02187700382207368, -0.019699315180231772, 0.0011068627324148878, -0.008165441288121283, -0.006523641706357043, 0.0402112519419217, -0.00016525812205002042, 0.0038591581141879903, 3.568008812027785e-05, 0.028824252054483312, 0.002469896034847418, -0.01700268652301431, -0.016634123350492604, 0.028431848102583823, -0.001188693727534087, -0.019766915182804233, -0.0021362556044381273, -0.003309601809236263, -0.001029870129589112, 0.00023181454350884188, -0.0013566147333074203, -0.0017133098898895005, -0.0005901393575081415, -0.013910338217319018, -0.01202280439311911, 0.012710209949141238, 0.00043592118227021815, -0.0007886514741472384, -0.008185054651001238, -0.008557090016548209, 0.0001734971506086217, -0.005807317459350228, 0.0010337052751856098, -0.0001863732157796767, 0.015750660704318666, -0.0006918458928732818, 0.0075803179178014135, -7.642570883538355e-05, -0.003805546346922305, 0.03590601809367044, 0.0008206809760779917, 0.003979102711592201, 0.0016823138119114662, 0.001257974134778627, -0.019868107484091718, 5.843751008573309e-05, -0.000224250184513821, -0.002715858536649408, -0.0006280361364905355, 7.3959914830002e-05], "fraud_3": [-0.022101054735593952, -0.015980893361860034, 0.0010415647970647875, -0.00773218434177729, -0.01244839926712402, 0.03656639604930892, -0.00010498775170803541, 0.008267356880507533, -9.810819603809371e-05, 0.038082881649765865, 0.0018763279036225623, -0.026335871471007008, -0.019287678711526247, 0.0024511592655780292, -0.0013761677599630749, -0.015937704333769013, -0.0033554396348446135, -0.0035637211471241876, -0.0018592204836347685, 0.0005555985631491888, -0.001589224999327104, -0.003444252046905968, -0.001319760103475145, -0.044279245866559236, 0.03344665085580308, -0.03873163739393769, 0.00479384096324165, 0.004498906412664854, 0.0003193571248493876, 0.005073080627615146, -0.00016047503141260698, 0.012324422732934895, -0.002343580710580627, 0.0005919624909252281, 0.04366055098481624, 0.0018462940454454433, -0.012529579476053054, 0.00014739075972883804, -0.0007686187850460937, -0.02664952207573218, -0.0004048290239567336, -0.0035770367701219085, -0.0016219818575920824, 0.0011896061384137346, 0.005820476332260189, -0.00023494803520618642, -0.0005897594392618913, -0.002083583496484726, 2.135549584988234e-05, -0.0008667035803713847], "legit_1": [-0.02291713085781124, -0.016842974711149643, 0.0009990807991054603, -0.007214507116895747, 0.021384983826908743, 0.0003688127996416598, 0.0012687069086475874, 0.004637226251236658, 0.0013886934454842637, -0.061897416205112285, 0.001679436550924884, 0.025946342044389968, 0.006491645638129603, 0.006259453465090116, 0.00036545624093837993, 0.017346502916214042, -0.004283313957670039, -0.03382705840252658, -0.00381298354465855, 0.0033993368560350417, 0.01662000842534008, -0.007174415035360597, -0.003033730927704472, -0.09775562232826486, -0.03917152670335932, -0.035714500902112666, 0.0123074742092017, 0.044356366569488694, -0.03112197079523053, 0.02070824058054864, 0.0015265308557201366, 0.00968307462589951, -0.0017587084040306192, -0.0001217119232904715, -0.07971487410262285, -0.00321740199243856, 0.023400637281608412, 8.099980489176985e-05, 0.004032124583167711, 0.005320950765245549, 0.003003180014715785, 0.0033239886773351523, 0.0015376485502497652, -0.004924444373060709, -0.01357978429326935, -2.156367167013593e-05, -0.00046800564296421807, 0.002355072015813073, 0.0006072442383489258, -0.002834946104011241], "legit_2": [-0.018832512375794547, -0.02560918065759462, 0.0003088485042815284, -0.006913706084483171, 0.0035894894111356316, -0.018498440365463723, 0.0025124856179601696, -0.01564361292810131, 0.010156255242173949, 0.015605423714140632, -0.002447194582740171, -0.001994141828672411, -0.028147136211138242, -0.01922115724480446, -0.006608417212887769, 0.005846046132740868, 0.6215593458419423, -0.003444768876185846, -0.0034076673907566823, -0.00037644681080029047, 0.0014196956436545918, 0.002666978323619867, 0.00012498838790148676, -0.010500421617273494, -0.005006941578271307, -0.002364678194188342, 0.002327223065811868, 0.00280312944613897, 0.00020289602645639804, -0.0007748461937696052, 0.0011578666165267919, 0.0027312711783353885, 0.0015110365179314949, -0.0005526453239797305, -0.00019924168937263028, 0.0007582785767528148, 0.001019385203318739, 4.025602580107534e-06, 0.0012395282531611727, 0.001321064803772037, -0.00019442535496738157, 0.001666772645907414, 0.0008770925508590707, -0.001018446619545467, 0.001345843752082165, -0.07833744987375446, 0.0003329556954097317, 0.0024450498279195293, -0.015641718033569618, -3.82670575466226e-05], "legit_3": [-0.026641854760968676, -0.004266430588580797, 0.0015102892518765844, -0.011766279970635184, -0.012302890809583324, 0.13297965005893916, -0.0020341377422306377, 0.015001187871526106, 0.0001117443831582865, -0.06866361153011938, -0.0032045173043193185, 0.048156837087627136, 0.03767873953416968, -0.08034438227035924, 0.0028117507175789208, 0.058262177597755156, 0.0023563815984182215, 0.02061239639764756, 0.0019617089419299975, -0.0018169046196795428, -0.009370580709324935, 0.003536535097636653, 0.001488414239092165, 0.036764721873413425, 0.06974793295773529, -0.00966466854242072, -0.004919339346747273, -0.057662351913870064, 0.10890262072793377, -0.02589752686617168, 0.0022458421470504257, -0.05768992038053343, 0.009414907432323035, -0.0008380621087300372, 0.0144202822185131, 0.0015549551433909536, -0.048242703508245985, 1.4955529525644963e-05, -0.024373757437533887, 0.0754924486408933, -0.0007866544558048533, 0.0013209395926328472, -0.0008170171596385393, -0.014441534202831768, 0.010780819620410938, -0.000594152468527365, -0.0011744361947547328, -0.008444046955534917, -0.0013909348235068859, -0.0014981881320804476],