{"p5": 0.04404556751251221, "p95": 0.05411538854241371}